feature,gain,gain_pct
secs_since_last,3274822.4334608726,48.4
merchant_id_te,870536.4991606418,12.9
is_ecom,510894.62619829923,7.6
card_sum_24h,371796.8725070711,5.5
amt_ratio_7d,305578.0233396441,4.5
amount,284405.378397461,4.2
card_sum_7d,259848.53167058155,3.8
card_declines_10m,140112.8196272403,2.1
merch_cnt_7d,127418.49442772381,1.9
card_cnt_7d,116600.51166403852,1.7
amt_over_card_sum_24h,109955.34105656296,1.6
merch_ncards_24h,100451.71620898694,1.5
hour_of_day,96832.79628461227,1.4
card_cnt_1h,40876.830483324826,0.6
mcc_te,39833.11664095521,0.6
card_nmerch_24h,30258.71859701723,0.4
country_changed,24831.022922169417,0.4
risk_tier_num,18571.998253848404,0.3
is_weekend,17567.334009088576,0.3
card_cnt_24h,12938.087395902723,0.2
cross_border,9780.847690716386,0.1
card_ncountry_1h,1116.4674828499556,0.0
